,MAE,RMSE,R²,MAPE
1-step (30s),0.045438315719366074,0.0698672042259291,0.8888576030731201,1344662.25
3-step (90s),0.09404868632555008,0.18844640816719166,0.9005968570709229,1841621.625
5-step (150s),0.1685979962348938,0.34159859491872824,0.8748569488525391,2067164.625
